subject,score
2,0.5028935
5,0.53829086
6,0.5638503
3,0.64072144
4,0.64805174
7,0.66367674
8,0.6720679
9,0.7126736
1,0.7353395
