pipeline,mean_score,std_score,min_score,max_score,elapsed_sec
FBCSP+LDA,0.6308406591415405,0.08463667333126068,0.44849535822868347,0.7642747163772583,451.8455858230591
