{
  "pipeline": "FBCSP+LDA",
  "mean_score": 0.6308406591415405,
  "std_score": 0.08463667333126068,
  "min_score": 0.44849535822868347,
  "max_score": 0.7642747163772583,
  "elapsed_sec": 451.8455858230591
}