subject,score
2,0.56423616
5,0.56471837
6,0.6661844
7,0.6766975
4,0.77961034
9,0.8072917
1,0.92351466
3,0.98013115
8,0.9848572
