{
  "mean_score": 0.7719156742095947,
  "std_score": 0.16251453757286072,
  "min_score": 0.508873462677002,
  "max_score": 0.9907407164573669
}