mean_score,std_score,min_score,max_score
0.7719156742095947,0.16251453757286072,0.508873462677002,0.9907407164573669
