subject,score
4,0.53125
7,0.5798611111111112
6,0.6215277777777778
2,0.6319444444444444
5,0.6388888888888888
9,0.7673611111111112
1,0.78125
8,0.8888888888888888
3,0.8993055555555556
