pipeline,mean_score,std_score,min_score,max_score
EEGNet,0.7044753086419752,0.1340683009007457,0.53125,0.8993055555555556
